backbone_max_change,force_lower_open_accuracy,force_upper_open_accuracy,mean_gate,mean_injection,seed,selected_early_injection,selected_late_injection,test_accuracy,train_seconds,trainable,val_accuracy,variant
0.0,,,1.0,1.0,11,1.0,1.0,0.621337890625,2.002603105999981,65,0.64453125,readout_only
0.0,,,0.4056851863861084,0.3379797637462616,11,0.5263940691947937,0.35477808117866516,0.60400390625,5.375871463999999,376,0.626953125,controller_only
0.0,,,1.0,0.09711886942386627,11,0.6833707690238953,0.04230674356222153,0.81494140625,3.893270455999982,229,0.822265625,upper_only
0.0,,,0.5781679153442383,1.0,11,1.0,1.0,0.647705078125,4.003617915999996,277,0.66015625,lower_only
0.0,0.890869140625,0.57568359375,0.68129962682724,0.131646066904068,11,0.9334354400634766,0.03086906298995018,0.927978515625,5.682264855000028,441,0.9375,modulated
0.17072370648384094,,,0.8417069315910339,0.12666118144989014,11,0.9392169713973999,0.029835864901542664,0.949462890625,5.3619434799999794,4537,0.9609375,slow_backbone
,,,,,11,,,0.9169921875,1.692023875000018,4801,0.947265625,rnn
,,,,,11,,,0.7451171875,0.5021584109999822,571,0.755859375,mlp
0.0,,,1.0,1.0,22,1.0,1.0,0.616943359375,2.48109421099997,65,0.619140625,readout_only
0.0,,,0.4024074673652649,0.4813118577003479,22,0.5829654932022095,0.3374418318271637,0.601806640625,5.366421801999991,376,0.58203125,controller_only
0.0,,,1.0,0.12688347697257996,22,0.9145148396492004,0.03791845962405205,0.924560546875,3.32794047699997,229,0.904296875,upper_only
0.0,,,0.6298093795776367,1.0,22,1.0,1.0,0.642578125,4.251337551000006,277,0.654296875,lower_only
0.0,0.912353515625,0.57373046875,0.6903502941131592,0.12815749645233154,22,0.9150093197822571,0.03708653897047043,0.9287109375,4.529018550999979,441,0.919921875,modulated
0.13355523347854614,,,0.7499021291732788,0.12867571413516998,22,0.891048789024353,0.05760319530963898,0.939697265625,5.353924556999971,4537,0.9375,slow_backbone
,,,,,22,,,0.92333984375,2.6263283860000115,4801,0.9375,rnn
,,,,,22,,,0.77099609375,0.4889177300000256,571,0.76171875,mlp
0.0,,,1.0,1.0,33,1.0,1.0,0.597900390625,1.764423502999989,65,0.609375,readout_only
0.0,,,0.42869001626968384,0.37176719307899475,33,0.3102773129940033,0.31679508090019226,0.47021484375,5.745435143000009,376,0.490234375,controller_only
0.0,,,1.0,0.10401765257120132,33,0.6978794932365417,0.0381588488817215,0.81689453125,3.8106180679999966,229,0.83203125,upper_only
0.0,,,0.3732864260673523,1.0,33,1.0,1.0,0.624755859375,4.255487047999964,277,0.63671875,lower_only
0.0,0.89794921875,0.560791015625,0.4347235858440399,0.1325438916683197,33,0.9215894341468811,0.03826698660850525,0.919921875,5.35318125699996,441,0.935546875,modulated
0.15870559215545654,,,0.6907902956008911,0.1332598328590393,33,0.9161465167999268,0.045195065438747406,0.943115234375,6.456315242999949,4537,0.9609375,slow_backbone
,,,,,33,,,0.923828125,2.0344912919999842,4801,0.947265625,rnn
,,,,,33,,,0.778564453125,0.4515920889999734,571,0.763671875,mlp
