backbone_max_change,best_epoch,delay24,delay24_lower_open,delay24_update_fixed,delay24_upper_open,id12,id12_lower_open,id12_update_fixed,id12_upper_open,injection_invalid_target,injection_valid_other,injection_valid_target,mean_gate,noise12,random12,registered_parameters,seed,shift12,train_seconds,trainable,update_invalid,update_valid,val_accuracy,variant,zero_marker_id12
0.0,93,0.515625,,,,0.55810546875,,,,1.0,1.0,1.0,1.0,0.509521484375,0.54736328125,4560,11,0.52880859375,5.600893740999936,65,0.20000001788139343,0.20000003278255463,0.5572916865348816,readout_only,0.55419921875
0.0,91,0.55712890625,,,,0.67138671875,,,,0.4003467559814453,0.13475415110588074,0.8816988468170166,0.4258708953857422,0.608154296875,0.609619140625,4560,11,0.5390625,13.611205728999948,457,0.20000001788139343,0.20000003278255463,0.6744791865348816,clock_flow,0.677001953125
0.0,86,0.52197265625,,,,0.71923828125,,,,0.012302637100219727,0.02868945524096489,0.499747097492218,1.0,0.6923828125,0.70361328125,4560,11,0.72509765625,8.994569071000114,245,0.20000001788139343,0.20000003278255463,0.7200520634651184,marker_upper,0.51513671875
0.0,88,0.664794921875,0.56103515625,,0.50048828125,0.912109375,0.806884765625,,0.52587890625,0.015925925225019455,0.05238977074623108,0.9925268888473511,0.48469844460487366,0.892822265625,0.886962890625,4560,11,0.932861328125,12.839156453999976,457,0.20000001788139343,0.20000003278255463,0.9127604365348816,marker_flow,0.591796875
0.0,95,0.947998046875,0.944091796875,0.606689453125,0.65087890625,0.967041015625,0.9658203125,0.774169921875,0.650390625,0.035969436168670654,0.01328344363719225,0.9955189228057861,0.4423053562641144,0.961669921875,0.94677734375,4560,11,0.939697265625,13.989425284999925,464,0.017949214205145836,0.17188024520874023,0.97265625,marker_memory,0.505615234375
0.24807193875312805,87,0.90625,,,,0.97509765625,,,,0.006393217481672764,0.028808068484067917,0.9951451420783997,0.8454359173774719,0.9697265625,0.92919921875,4560,11,0.927490234375,14.41555350900012,4553,0.20000001788139343,0.20000003278255463,0.98828125,slow_backbone,0.588623046875
0.0,70,0.510498046875,,,,0.5234375,,,,0.25963181257247925,0.3471866250038147,0.712365448474884,0.3666594922542572,0.517333984375,0.544677734375,4560,11,0.578857421875,12.734634956000036,392,0.20000001788139343,0.20000003278255463,0.5221354365348816,controller_only,0.507080078125
,100,0.6728515625,,,,0.92578125,,,,,,,,0.730224609375,0.76904296875,489,11,0.599609375,3.9383891370000583,489,,,0.93359375,gru_small,0.539306640625
,31,0.673095703125,,,,0.91650390625,,,,,,,,0.71875,0.791015625,14657,11,0.6533203125,11.321624873000019,14657,,,0.9283854365348816,gru64,0.576171875
0.0,39,0.513427734375,,,,0.5498046875,,,,1.0,1.0,1.0,1.0,0.516357421875,0.547607421875,4560,22,0.555419921875,5.241612066000016,65,0.20000001788139343,0.20000003278255463,0.6015625,readout_only,0.548583984375
0.0,97,0.56201171875,,,,0.68017578125,,,,0.43691763281822205,0.026163920760154724,0.878672182559967,0.7165629267692566,0.585693359375,0.59619140625,4560,22,0.547607421875,12.542570436000005,457,0.20000001788139343,0.20000003278255463,0.7174479365348816,clock_flow,0.67822265625
0.0,96,0.569580078125,,,,0.80322265625,,,,0.021096281707286835,0.02473105676472187,0.7513601183891296,1.0,0.764892578125,0.790283203125,4560,22,0.825439453125,9.636627802000021,245,0.20000001788139343,0.20000003278255463,0.8268229365348816,marker_upper,0.51171875
0.0,99,0.61572265625,0.497802734375,,0.490234375,0.818359375,0.746337890625,,0.5107421875,0.012597119435667992,0.025014396756887436,0.7523207664489746,0.616181492805481,0.7939453125,0.806396484375,4560,22,0.83642578125,13.376949964999994,457,0.20000001788139343,0.20000003278255463,0.8359375,marker_flow,0.519287109375
0.0,72,0.8232421875,0.817626953125,0.49853515625,0.625732421875,0.846923828125,0.8408203125,0.741455078125,0.635986328125,0.025022894144058228,0.013500086963176727,0.7318155765533447,0.7439475059509277,0.844970703125,0.8359375,4560,22,0.846435546875,13.796967554000048,464,0.024783577769994736,0.168544203042984,0.8580729365348816,marker_memory,0.544189453125
0.14539076387882233,44,0.8046875,,,,0.96240234375,,,,0.022043144330382347,0.03842861205339432,0.9865518808364868,0.8156485557556152,0.924560546875,0.9267578125,4560,22,0.92529296875,14.279614689000027,4553,0.20000001788139343,0.20000003278255463,0.9635416865348816,slow_backbone,0.6181640625
0.0,13,0.5,,,,0.506103515625,,,,0.41612282395362854,0.42597565054893494,0.41058263182640076,0.5011486411094666,0.49609375,0.513916015625,4560,22,0.5185546875,12.90594873300006,392,0.20000001788139343,0.20000003278255463,0.53515625,controller_only,0.504638671875
,98,0.707275390625,,,,0.927734375,,,,,,,,0.763671875,0.7646484375,489,22,0.61962890625,4.13765457500017,489,,,0.9440104365348816,gru_small,0.493896484375
,39,0.815185546875,,,,0.923828125,,,,,,,,0.703369140625,0.779296875,14657,22,0.629150390625,10.65248410800018,14657,,,0.93359375,gru64,0.57470703125
0.0,91,0.49560546875,,,,0.5390625,,,,1.0,1.0,1.0,1.0,0.520751953125,0.540771484375,4560,33,0.5322265625,5.555917708999914,65,0.20000001788139343,0.20000003278255463,0.57421875,readout_only,0.539794921875
0.0,85,0.5205078125,,,,0.62451171875,,,,0.4416876435279846,0.27230653166770935,0.669136643409729,0.4341416656970978,0.566650390625,0.5849609375,4560,33,0.5380859375,13.662190365000015,457,0.20000001788139343,0.20000003278255463,0.6223958134651184,clock_flow,0.627197265625
0.0,97,0.53076171875,,,,0.707763671875,,,,0.015811532735824585,0.03233085572719574,0.45017209649086,1.0,0.668701171875,0.69287109375,4560,33,0.710205078125,10.14800716800005,245,0.20000001788139343,0.20000003278255463,0.7291666865348816,marker_upper,0.541259765625
0.0,100,0.625732421875,0.520263671875,,0.508544921875,0.78515625,0.661376953125,,0.521240234375,0.01152393501251936,0.18318453431129456,0.7203576564788818,0.5805511474609375,0.757568359375,0.760498046875,4560,33,0.782470703125,13.121221359000174,457,0.20000001788139343,0.20000003278255463,0.7734375,marker_flow,0.52294921875
0.0,96,0.838134765625,0.833740234375,0.50244140625,0.618896484375,0.8583984375,0.853271484375,0.573974609375,0.61865234375,0.016393572092056274,0.014617894776165485,0.727662205696106,0.4938527047634125,0.84619140625,0.841552734375,4560,33,0.851806640625,13.995153917999914,464,0.017336688935756683,0.172043114900589,0.8541666865348816,marker_memory,0.553466796875
0.2523001432418823,99,0.7900390625,,,,0.942626953125,,,,0.005148103926330805,0.3243163228034973,0.9936519861221313,0.5805467963218689,0.927734375,0.8759765625,4560,33,0.843994140625,13.678194531999907,4553,0.20000001788139343,0.20000003278255463,0.9375,slow_backbone,0.509765625
0.0,29,0.50390625,,,,0.525390625,,,,0.542365312576294,0.46587812900543213,0.45390403270721436,0.4536917209625244,0.50390625,0.508544921875,4560,33,0.4814453125,11.669953059999898,392,0.20000001788139343,0.20000003278255463,0.5325520634651184,controller_only,0.522705078125
,99,0.7265625,,,,0.921630859375,,,,,,,,0.712646484375,0.75927734375,489,33,0.59423828125,3.6300026239998715,489,,,0.9192708134651184,gru_small,0.498291015625
,46,0.687744140625,,,,0.9169921875,,,,,,,,0.716796875,0.775634765625,14657,33,0.613037109375,11.402645885999846,14657,,,0.921875,gru64,0.55859375
